<keymap version="1" name="mycopy" parent="$default">
  <action id="ActivateFavoritesToolWindow" />
  <action id="ActivateFindToolWindow" />
  <action id="ActivateProjectToolWindow" />
  <action id="ActivateStructureToolWindow">
    <keyboard-shortcut first-keystroke="ctrl o" />
  </action>
  <action id="CheckinProject" />
  <action id="CloseContent">
    <keyboard-shortcut first-keystroke="ctrl w" />
  </action>
  <action id="EditorCodeBlockEnd" />
  <action id="EditorSelectWord" />
  <action id="Find" />
  <action id="FindInPath">
    <keyboard-shortcut first-keystroke="ctrl h" />
  </action>
  <action id="FindNext">
    <keyboard-shortcut first-keystroke="f3" />
  </action>
  <action id="FindUsages">
    <keyboard-shortcut first-keystroke="ctrl k" />
  </action>
  <action id="GoToTab1">
    <keyboard-shortcut first-keystroke="alt 1" />
  </action>
  <action id="GoToTab2">
    <keyboard-shortcut first-keystroke="alt 2" />
  </action>
  <action id="GoToTab3">
    <keyboard-shortcut first-keystroke="alt 3" />
  </action>
  <action id="GoToTab4">
    <keyboard-shortcut first-keystroke="alt 4" />
  </action>
  <action id="GoToTab5">
    <keyboard-shortcut first-keystroke="alt 5" />
  </action>
  <action id="GuiDesigner.CreateListener" />
  <action id="InsertLiveTemplate" />
  <action id="MethodHierarchy.OverrideMethodAction" />
  <action id="OverrideMethods" />
  <action id="ReformatCode">
    <keyboard-shortcut first-keystroke="ctrl l" />
  </action>
  <action id="SearchEverywhere">
    <keyboard-shortcut first-keystroke="ctrl j" />
  </action>
  <action id="SelectNextOccurrence" />
  <action id="TypeHierarchy" />
  <action id="TypeHierarchy.BaseOnThisType" />
  <action id="TypeHierarchyBase.BaseOnThisType" />
  <action id="Vcs.Log.FocusTextFilter" />
  <action id="Vcs.Log.GoToRef">
    <keyboard-shortcut first-keystroke="alt f3" />
  </action>
  <action id="VimGotoDeclaration">
    <keyboard-shortcut first-keystroke="ctrl close_bracket" />
  </action>
</keymap>