<application>
  <component name="libraryTable">
    <library name="Python 3.7 (branch_client_obt) interpreter library">
      <CLASSES>
        <root url="file://F:/lh3/client/branch_client_obt/QA/Python37/DLLs" />
        <root url="file://F:/lh3/client/branch_client_obt/QA/Python37/Lib" />
        <root url="file://F:/lh3/client/branch_client_obt/QA/Python37" />
        <root url="file://F:/lh3/client/branch_client_obt/venv" />
        <root url="file://F:/lh3/client/branch_client_obt/venv/Lib/site-packages" />
        <root url="file://F:/lh3/client/branch_client_obt/QA/Python37/Lib/site-packages" />
        <root url="file://$USER_HOME$/.IdeaIC2018.3/system/python_stubs/-401325527" />
        <root url="file://$APPLICATION_PLUGINS_DIR$/python-ce/helpers/python-skeletons" />
        <root url="file://$APPLICATION_PLUGINS_DIR$/python-ce/helpers/typeshed/stdlib/3" />
        <root url="file://$APPLICATION_PLUGINS_DIR$/python-ce/helpers/typeshed/stdlib/2and3" />
        <root url="file://$APPLICATION_PLUGINS_DIR$/python-ce/helpers/typeshed/third_party/3" />
        <root url="file://$APPLICATION_PLUGINS_DIR$/python-ce/helpers/typeshed/third_party/2and3" />
      </CLASSES>
      <JAVADOC />
      <SOURCES>
        <root url="file://F:/lh3/client/branch_client_obt/QA/Python37/DLLs" />
        <root url="file://F:/lh3/client/branch_client_obt/QA/Python37/Lib" />
        <root url="file://F:/lh3/client/branch_client_obt/QA/Python37" />
        <root url="file://F:/lh3/client/branch_client_obt/venv" />
        <root url="file://F:/lh3/client/branch_client_obt/venv/Lib/site-packages" />
        <root url="file://F:/lh3/client/branch_client_obt/QA/Python37/Lib/site-packages" />
        <root url="file://$USER_HOME$/.IdeaIC2018.3/system/python_stubs/-401325527" />
        <root url="file://$APPLICATION_PLUGINS_DIR$/python-ce/helpers/python-skeletons" />
        <root url="file://$APPLICATION_PLUGINS_DIR$/python-ce/helpers/typeshed/stdlib/3" />
        <root url="file://$APPLICATION_PLUGINS_DIR$/python-ce/helpers/typeshed/stdlib/2and3" />
        <root url="file://$APPLICATION_PLUGINS_DIR$/python-ce/helpers/typeshed/third_party/3" />
        <root url="file://$APPLICATION_PLUGINS_DIR$/python-ce/helpers/typeshed/third_party/2and3" />
      </SOURCES>
    </library>
  </component>
</application>