<application>
  <component name="VimEditorSettings">
    <editor />
  </component>
  <component name="VimHistorySettings">
    <history>
      <history-search>
        <entry encoding="base64">XDxSZWZyZXNoQ2FyZExpc3RcPg==</entry>
        <entry encoding="base64">XDxlbmhhbmNlZFZpZXdcPg==</entry>
        <entry encoding="base64">XDxpbmZvXD4=</entry>
        <entry encoding="base64">XDxSZW5kZXJDZWxsXD4=</entry>
        <entry encoding="base64">XDxJbml0RGF0YVw+</entry>
        <entry>lock</entry>
        <entry encoding="base64">XDxDaGFyZ2VEYXRhTWdyXD4=</entry>
        <entry encoding="base64">XDxsb2NrRGVja3NcPg==</entry>
        <entry encoding="base64">XDxwb29sTGlzdFw+</entry>
        <entry encoding="base64">XDxsb2NrUG9vbHNcPg==</entry>
        <entry encoding="base64">XDxsb2NrUG9vbEluZm9cPg==</entry>
        <entry>lockDecks</entry>
        <entry>lockDe</entry>
        <entry encoding="base64">XDxjaGVja0ZuXD4=</entry>
        <entry encoding="base64">XDxwYXJhbXNcPg==</entry>
        <entry encoding="base64">XDxpc1NlcnZlclw+</entry>
        <entry encoding="base64">XDxSZWxvYWRTZWFzb25BY2hpZXZlbWVudFRhc2tzXD4=</entry>
        <entry encoding="base64">XDxvbkJhdHRsZVRhc2tSZWZyZXNoZWRcPg==</entry>
        <entry encoding="base64">XDxJbml0QmF0dGxlUmVxdWlyZVw+</entry>
        <entry encoding="base64">XDxPblZhbHVlQ2hhbmdlZFw+</entry>
      </history-search>
      <history-cmd>
        <entry>156</entry>
        <entry>126</entry>
        <entry>116</entry>
        <entry>w</entry>
      </history-cmd>
      <history-expr />
      <history-input />
    </history>
  </component>
  <component name="VimKeySettings">
    <shortcut-conflicts>
      <shortcut-conflict owner="ide">
        <text>ctrl pressed CLOSE_BRACKET</text>
      </shortcut-conflict>
      <shortcut-conflict owner="ide">
        <text>ctrl pressed H</text>
      </shortcut-conflict>
      <shortcut-conflict owner="vim">
        <text>ctrl pressed V</text>
      </shortcut-conflict>
      <shortcut-conflict owner="vim">
        <text>ctrl pressed T</text>
      </shortcut-conflict>
      <shortcut-conflict owner="ide">
        <text>ctrl pressed W</text>
      </shortcut-conflict>
      <shortcut-conflict owner="vim">
        <text>ctrl pressed F</text>
      </shortcut-conflict>
      <shortcut-conflict owner="ide">
        <text>ctrl pressed J</text>
      </shortcut-conflict>
      <shortcut-conflict owner="ide">
        <text>ctrl pressed L</text>
      </shortcut-conflict>
      <shortcut-conflict owner="vim">
        <text>ctrl pressed B</text>
      </shortcut-conflict>
      <shortcut-conflict owner="vim">
        <text>ctrl pressed C</text>
      </shortcut-conflict>
      <shortcut-conflict owner="ide">
        <text>ctrl pressed K</text>
      </shortcut-conflict>
      <shortcut-conflict owner="ide">
        <text>ctrl pressed O</text>
      </shortcut-conflict>
      <shortcut-conflict owner="vim">
        <text>ctrl pressed R</text>
      </shortcut-conflict>
    </shortcut-conflicts>
  </component>
  <component name="VimMarksSettings">
    <globalmarks />
    <filemarks>
      <file name="/Dummy.txt" timestamp="1679471845755">
        <mark key="[" line="0" column="0" />
      </file>
      <file name="F:/lh3/client/branch_client_obt/Assets/Lua/app/modules/Consume/ChargeDataMgr.lua" timestamp="1679476235662">
        <mark key="'" line="887" column="9" />
      </file>
      <file name="/fragment.lua" timestamp="1679471125108">
        <mark key="[" line="0" column="0" />
      </file>
      <file name="G:/L30/development/client/program/idol_demo/Assets/Res/raw_resources/xls/MessageFmt.txt" timestamp="1679552854706" />
      <file name="F:/lh3/client/branch_client_obt/Assets/Lua/app/modules/CardTroop/View/ElementLockDeckToggle.lua" timestamp="1679471034649">
        <mark key="'" line="30" column="46" />
      </file>
      <file name="G:/L30/development/client/program/idol_demo/Assets/Res/lua/network/Gen_ProtoCB/CB_Player.lua.txt" timestamp="1679565015013">
        <mark key="[" line="35" column="48" />
        <mark key="]" line="35" column="49" />
        <mark key="." line="35" column="48" />
        <mark key="^" line="35" column="49" />
      </file>
      <file name="F:/lh3/client/branch_client_obt/Assets/Lua/app/modules/CardTroop/View/PanelTroopLockDeck.lua" timestamp="1679472687860">
        <mark key="'" line="185" column="9" />
        <mark key="[" line="120" column="3" />
        <mark key="]" line="120" column="8" />
        <mark key="." line="120" column="7" />
        <mark key="^" line="120" column="8" />
      </file>
      <file name="F:/lh3/client/branch_client_obt/Assets/Lua/app/modules/CardTroop/ChessTroopController.lua" timestamp="1679476270421">
        <mark key="'" line="56" column="25" />
      </file>
      <file name="F:/lh3/client/branch_client_obt/Assets/Lua/app/modules/data/ClientData/ClientDataHelper.lua" timestamp="1679471365695">
        <mark key="'" line="1433" column="36" />
      </file>
      <file name="F:/lh3/client/branch_client_obt/Assets/Lua/app/modules/data/Data.lua" timestamp="1679485488845">
        <mark key="'" line="805" column="46" />
      </file>
      <file name="F:/lh3/client/branch_client_obt/Assets/Lua/app/modules/data/BattleEnv.lua" timestamp="1679485504475">
        <mark key="[" line="24" column="7" />
        <mark key="]" line="24" column="17" />
      </file>
      <file name="F:/lh3/client/branch_client_obt/Assets/Lua/app/guis/Element/Common/IEnhancedToggleGroup.lua" timestamp="1679471552308">
        <mark key="'" line="24" column="4" />
      </file>
      <file name="F:/lh3/client/branch_client_obt/Assets/Lua/app/modules/data/Battle/Utils/BattleTable.lua" timestamp="1679485799885">
        <mark key="'" line="231" column="21" />
      </file>
      <file name="F:/lh3/client/branch_client_obt/Assets/Lua/app/modules/Consume/ChargeController.lua" timestamp="1679472924562">
        <mark key="'" line="0" column="0" />
      </file>
      <file name="F:/lh3/client/branch_client_obt/Assets/Lua/app/guis/Common/IPromisePanel.lua" timestamp="1679476272341">
        <mark key="'" line="45" column="38" />
      </file>
      <file name="F:/lh3/client/branch_client_obt/Assets/Lua/app/modules/data/Battle/BattlePlayer.lua" timestamp="1679485854193">
        <mark key="'" line="115" column="14" />
        <mark key="[" line="6" column="0" />
        <mark key="]" line="6" column="13" />
        <mark key="^" line="6" column="13" />
        <mark key="." line="6" column="12" />
      </file>
      <file name="F:/lh3/client/branch_client_obt/Assets/Lua/app/modules/LoginPanel/Data/ServerData.lua" timestamp="1679565051223">
        <mark key="[" line="23" column="40" />
        <mark key="]" line="23" column="41" />
        <mark key="." line="23" column="41" />
        <mark key="^" line="18" column="11" />
      </file>
      <file name="F:/lh3/client/branch_client_obt/Assets/Lua/app/modules/Replay/View/ReplayShare.lua" timestamp="1679626153244">
        <mark key="'" line="103" column="21" />
      </file>
    </filemarks>
    <jumps>
      <jump line="1430" column="49" filename="F:/lh3/client/branch_client_obt/Assets/Lua/app/modules/CardTroop/Model/M13ChessTroopDataMgr.lua" />
      <jump line="1097" column="42" filename="F:/lh3/client/branch_client_obt/Assets/Lua/app/modules/CardTroop/Model/M13ChessTroopDataMgr.lua" />
      <jump line="1429" column="22" filename="F:/lh3/client/branch_client_obt/Assets/Lua/app/modules/CardTroop/Model/M13ChessTroopDataMgr.lua" />
      <jump line="1098" column="27" filename="F:/lh3/client/branch_client_obt/Assets/Lua/app/modules/CardTroop/Model/M13ChessTroopDataMgr.lua" />
      <jump line="1087" column="8" filename="F:/lh3/client/branch_client_obt/Assets/Lua/app/modules/CardTroop/Model/M13ChessTroopDataMgr.lua" />
      <jump line="1180" column="37" filename="F:/lh3/client/branch_client_obt/Assets/Lua/app/modules/CardTroop/Model/M13ChessTroopDataMgr.lua" />
      <jump line="106" column="8" filename="F:/lh3/client/branch_client_obt/Assets/Lua/app/modules/CardTroop/Model/M13ChessTroopDataMgr.lua" />
      <jump line="286" column="28" filename="F:/lh3/client/branch_client_obt/Assets/Lua/app/modules/CardTroop/Model/M13ChessTroopDataMgr.lua" />
      <jump line="869" column="8" filename="F:/lh3/client/branch_client_obt/Assets/Lua/app/modules/CardTroop/Model/M13ChessTroopDataMgr.lua" />
      <jump line="871" column="11" filename="F:/lh3/client/branch_client_obt/Assets/Lua/app/modules/CardTroop/Model/M13ChessTroopDataMgr.lua" />
      <jump line="9" column="17" filename="F:/lh3/client/branch_client_obt/Assets/Lua/app/modules/CardTroop/View/PanelTroopLockDeck.lua" />
      <jump line="11" column="17" filename="F:/lh3/client/branch_client_obt/Assets/Lua/app/modules/CardTroop/View/PanelTroopLockDeck.lua" />
      <jump line="50" column="52" filename="F:/lh3/client/branch_client_obt/Assets/Lua/app/modules/CardTroop/View/PanelTroopLockDeck.lua" />
      <jump line="145" column="28" filename="F:/lh3/client/branch_client_obt/Assets/Lua/app/modules/CardTroop/View/PanelTroopLockDeck.lua" />
      <jump line="79" column="25" filename="F:/lh3/client/branch_client_obt/Assets/Lua/app/modules/CardTroop/View/PanelTroopLockDeck.lua" />
      <jump line="27" column="30" filename="F:/lh3/client/branch_client_obt/Assets/Lua/app/guis/Element/Common/IEnhancedToggleGroup.lua" />
      <jump line="0" column="0" filename="F:/lh3/client/branch_client_obt/Assets/Lua/app/modules/CardTroop/View/PanelTroopLockDeck.lua" />
      <jump line="6" column="23" filename="F:/lh3/client/branch_client_obt/Assets/Lua/app/guis/Common/IPromisePanel.lua" />
      <jump line="80" column="18" filename="F:/lh3/client/branch_client_obt/Assets/Lua/app/modules/CardTroop/View/PanelTroopLockDeck.lua" />
      <jump line="61" column="23" filename="F:/lh3/client/branch_client_obt/Assets/Lua/app/guis/Common/IPromisePanel.lua" />
      <jump line="86" column="9" filename="F:/lh3/client/branch_client_obt/Assets/Lua/app/modules/CardTroop/View/PanelTroopLockDeck.lua" />
      <jump line="28" column="42" filename="F:/lh3/client/branch_client_obt/Assets/Lua/app/modules/CardTroop/View/ElementLockDeckToggle.lua" />
      <jump line="29" column="17" filename="F:/lh3/client/branch_client_obt/Assets/Lua/app/modules/CardTroop/View/ElementLockDeckToggle.lua" />
      <jump line="30" column="46" filename="F:/lh3/client/branch_client_obt/Assets/Lua/app/modules/CardTroop/View/ElementLockDeckToggle.lua" />
      <jump line="27" column="19" filename="F:/lh3/client/branch_client_obt/Assets/Lua/app/modules/CardTroop/View/PanelTroopLockDeck.lua" />
      <jump line="60" column="9" filename="F:/lh3/client/branch_client_obt/Assets/Lua/app/modules/CardTroop/View/PanelTroopLockDeck.lua" />
      <jump line="68" column="12" filename="F:/lh3/client/branch_client_obt/Assets/Lua/app/modules/CardTroop/View/PanelTroopLockDeck.lua" />
      <jump line="115" column="28" filename="F:/lh3/client/branch_client_obt/Assets/Lua/app/modules/CardTroop/View/PanelTroopLockDeck.lua" />
      <jump line="1579" column="32" filename="F:/lh3/client/branch_client_obt/Assets/Lua/app/modules/data/ClientData/ClientDataHelper.lua" />
      <jump line="927" column="36" filename="F:/lh3/client/branch_client_obt/Assets/Lua/app/modules/data/ClientData/ClientDataHelper.lua" />
      <jump line="952" column="36" filename="F:/lh3/client/branch_client_obt/Assets/Lua/app/modules/data/ClientData/ClientDataHelper.lua" />
      <jump line="1170" column="32" filename="F:/lh3/client/branch_client_obt/Assets/Lua/app/modules/data/ClientData/ClientDataHelper.lua" />
      <jump line="1433" column="36" filename="F:/lh3/client/branch_client_obt/Assets/Lua/app/modules/data/ClientData/ClientDataHelper.lua" />
      <jump line="69" column="27" filename="F:/lh3/client/branch_client_obt/Assets/Lua/app/modules/CardTroop/View/PanelTroopLockDeck.lua" />
      <jump line="113" column="28" filename="F:/lh3/client/branch_client_obt/Assets/Lua/app/modules/CardTroop/View/PanelTroopLockDeck.lua" />
      <jump line="24" column="4" filename="F:/lh3/client/branch_client_obt/Assets/Lua/app/guis/Element/Common/IEnhancedToggleGroup.lua" />
      <jump line="85" column="42" filename="F:/lh3/client/branch_client_obt/Assets/Lua/app/modules/CardTroop/View/PanelTroopLockDeck.lua" />
      <jump line="116" column="10" filename="F:/lh3/client/branch_client_obt/Assets/Lua/app/modules/CardTroop/View/PanelTroopLockDeck.lua" />
      <jump line="120" column="66" filename="F:/lh3/client/branch_client_obt/Assets/Lua/app/modules/CardTroop/View/PanelTroopLockDeck.lua" />
      <jump line="31" column="10" filename="F:/lh3/client/branch_client_obt/Assets/Lua/app/modules/CardTroop/View/ElementLockDeckToggle.lua" />
      <jump line="179" column="17" filename="F:/lh3/client/branch_client_obt/Assets/Lua/app/modules/CardTroop/View/PanelTroopLockDeck.lua" />
      <jump line="188" column="18" filename="F:/lh3/client/branch_client_obt/Assets/Lua/app/modules/CardTroop/View/PanelTroopLockDeck.lua" />
      <jump line="28" column="11" filename="F:/lh3/client/branch_client_obt/Assets/Lua/app/guis/Common/IPromisePanel.lua" />
      <jump line="61" column="9" filename="F:/lh3/client/branch_client_obt/Assets/Lua/app/modules/CardTroop/View/PanelTroopLockDeck.lua" />
      <jump line="72" column="22" filename="F:/lh3/client/branch_client_obt/Assets/Lua/app/modules/CardTroop/View/PanelTroopLockDeck.lua" />
      <jump line="178" column="31" filename="F:/lh3/client/branch_client_obt/Assets/Lua/app/modules/CardTroop/View/PanelTroopLockDeck.lua" />
      <jump line="186" column="9" filename="F:/lh3/client/branch_client_obt/Assets/Lua/app/modules/CardTroop/View/PanelTroopLockDeck.lua" />
      <jump line="127" column="25" filename="F:/lh3/client/branch_client_obt/Assets/Lua/app/modules/CardTroop/View/PanelTroopLockDeck.lua" />
      <jump line="161" column="28" filename="F:/lh3/client/branch_client_obt/Assets/Lua/app/modules/CardTroop/View/PanelTroopLockDeck.lua" />
      <jump line="67" column="28" filename="F:/lh3/client/branch_client_obt/Assets/Lua/app/modules/CardTroop/View/PanelTroopLockDeck.lua" />
      <jump line="163" column="28" filename="F:/lh3/client/branch_client_obt/Assets/Lua/app/modules/CardTroop/View/PanelTroopLockDeck.lua" />
      <jump line="176" column="41" filename="F:/lh3/client/branch_client_obt/Assets/Lua/app/modules/CardTroop/View/PanelTroopLockDeck.lua" />
      <jump line="185" column="9" filename="F:/lh3/client/branch_client_obt/Assets/Lua/app/modules/CardTroop/View/PanelTroopLockDeck.lua" />
      <jump line="751" column="46" filename="F:/lh3/client/branch_client_obt/Assets/Lua/app/modules/Consume/ChargeController.lua" />
      <jump line="894" column="9" filename="F:/lh3/client/branch_client_obt/Assets/Lua/app/modules/Consume/ChargeDataMgr.lua" />
      <jump line="901" column="9" filename="F:/lh3/client/branch_client_obt/Assets/Lua/app/modules/Consume/ChargeDataMgr.lua" />
      <jump line="909" column="9" filename="F:/lh3/client/branch_client_obt/Assets/Lua/app/modules/Consume/ChargeDataMgr.lua" />
      <jump line="1310" column="7" filename="F:/lh3/client/branch_client_obt/Assets/Lua/app/modules/Consume/ChargeDataMgr.lua" />
      <jump line="0" column="10" filename="F:/lh3/client/branch_client_obt/Assets/Lua/app/modules/Consume/ChargeDataMgr.lua" />
      <jump line="1" column="6" filename="F:/lh3/client/branch_client_obt/Assets/Lua/app/modules/Consume/ChargeDataMgr.lua" />
      <jump line="12" column="22" filename="F:/lh3/client/branch_client_obt/Assets/Lua/app/modules/Consume/ChargeDataMgr.lua" />
      <jump line="23" column="0" filename="F:/lh3/client/branch_client_obt/Assets/Lua/app/modules/Consume/ChargeDataMgr.lua" />
      <jump line="25" column="0" filename="F:/lh3/client/branch_client_obt/Assets/Lua/app/modules/Consume/ChargeDataMgr.lua" />
      <jump line="27" column="9" filename="F:/lh3/client/branch_client_obt/Assets/Lua/app/modules/Consume/ChargeDataMgr.lua" />
      <jump line="58" column="9" filename="F:/lh3/client/branch_client_obt/Assets/Lua/app/modules/Consume/ChargeDataMgr.lua" />
      <jump line="68" column="9" filename="F:/lh3/client/branch_client_obt/Assets/Lua/app/modules/Consume/ChargeDataMgr.lua" />
      <jump line="77" column="9" filename="F:/lh3/client/branch_client_obt/Assets/Lua/app/modules/Consume/ChargeDataMgr.lua" />
      <jump line="83" column="9" filename="F:/lh3/client/branch_client_obt/Assets/Lua/app/modules/Consume/ChargeDataMgr.lua" />
      <jump line="88" column="9" filename="F:/lh3/client/branch_client_obt/Assets/Lua/app/modules/Consume/ChargeDataMgr.lua" />
      <jump line="94" column="9" filename="F:/lh3/client/branch_client_obt/Assets/Lua/app/modules/Consume/ChargeDataMgr.lua" />
      <jump line="142" column="9" filename="F:/lh3/client/branch_client_obt/Assets/Lua/app/modules/Consume/ChargeDataMgr.lua" />
      <jump line="213" column="9" filename="F:/lh3/client/branch_client_obt/Assets/Lua/app/modules/Consume/ChargeDataMgr.lua" />
      <jump line="261" column="9" filename="F:/lh3/client/branch_client_obt/Assets/Lua/app/modules/Consume/ChargeDataMgr.lua" />
      <jump line="288" column="9" filename="F:/lh3/client/branch_client_obt/Assets/Lua/app/modules/Consume/ChargeDataMgr.lua" />
      <jump line="342" column="9" filename="F:/lh3/client/branch_client_obt/Assets/Lua/app/modules/Consume/ChargeDataMgr.lua" />
      <jump line="375" column="9" filename="F:/lh3/client/branch_client_obt/Assets/Lua/app/modules/Consume/ChargeDataMgr.lua" />
      <jump line="385" column="9" filename="F:/lh3/client/branch_client_obt/Assets/Lua/app/modules/Consume/ChargeDataMgr.lua" />
      <jump line="852" column="9" filename="F:/lh3/client/branch_client_obt/Assets/Lua/app/modules/Consume/ChargeDataMgr.lua" />
      <jump line="130" column="106" filename="F:/lh3/client/branch_client_obt/Assets/Lua/app/modules/Consume/ChargeController.lua" />
      <jump line="0" column="0" filename="F:/lh3/client/branch_client_obt/Assets/Lua/app/modules/Consume/ChargeController.lua" />
      <jump line="53" column="41" filename="F:/lh3/client/branch_client_obt/Assets/Lua/app/modules/CardTroop/ChessTroopController.lua" />
      <jump line="57" column="8" filename="F:/lh3/client/branch_client_obt/Assets/Lua/app/modules/CardTroop/ChessTroopController.lua" />
      <jump line="853" column="10" filename="F:/lh3/client/branch_client_obt/Assets/Lua/app/modules/Consume/ChargeDataMgr.lua" />
      <jump line="882" column="8" filename="F:/lh3/client/branch_client_obt/Assets/Lua/app/modules/Consume/ChargeDataMgr.lua" />
      <jump line="887" column="9" filename="F:/lh3/client/branch_client_obt/Assets/Lua/app/modules/Consume/ChargeDataMgr.lua" />
      <jump line="52" column="67" filename="F:/lh3/client/branch_client_obt/Assets/Lua/app/modules/CardTroop/ChessTroopController.lua" />
      <jump line="888" column="20" filename="F:/lh3/client/branch_client_obt/Assets/Lua/app/modules/Consume/ChargeDataMgr.lua" />
      <jump line="56" column="25" filename="F:/lh3/client/branch_client_obt/Assets/Lua/app/modules/CardTroop/ChessTroopController.lua" />
      <jump line="45" column="38" filename="F:/lh3/client/branch_client_obt/Assets/Lua/app/guis/Common/IPromisePanel.lua" />
      <jump line="838" column="11" filename="F:/lh3/client/branch_client_obt/Assets/Lua/app/modules/data/Data.lua" />
      <jump line="883" column="30" filename="F:/lh3/client/branch_client_obt/Assets/Lua/app/modules/data/Data.lua" />
      <jump line="884" column="78" filename="F:/lh3/client/branch_client_obt/Assets/Lua/app/modules/data/Data.lua" />
      <jump line="2655" column="35" filename="F:/lh3/client/branch_client_obt/Assets/Lua/app/modules/data/Data.lua" />
      <jump line="805" column="46" filename="F:/lh3/client/branch_client_obt/Assets/Lua/app/modules/data/Data.lua" />
      <jump line="116" column="60" filename="F:/lh3/client/branch_client_obt/Assets/Lua/app/modules/data/Battle/BattlePlayer.lua" />
      <jump line="1523" column="23" filename="F:/lh3/client/branch_client_obt/Assets/Lua/app/modules/data/Battle/BattlePlayer.lua" />
      <jump line="1521" column="11" filename="F:/lh3/client/branch_client_obt/Assets/Lua/app/modules/data/Battle/BattlePlayer.lua" />
      <jump line="231" column="21" filename="F:/lh3/client/branch_client_obt/Assets/Lua/app/modules/data/Battle/Utils/BattleTable.lua" />
      <jump line="115" column="14" filename="F:/lh3/client/branch_client_obt/Assets/Lua/app/modules/data/Battle/BattlePlayer.lua" />
      <jump line="103" column="21" filename="F:/lh3/client/branch_client_obt/Assets/Lua/app/modules/Replay/View/ReplayShare.lua" />
    </jumps>
  </component>
  <component name="VimRegisterSettings">
    <registers>
      <register name="&quot;" type="4">
        <text encoding="base64">LS0g</text>
      </register>
      <register name="-" type="4">
        <text encoding="base64">LS0g</text>
      </register>
      <register name="/" type="4">
        <text encoding="base64">XDxPblZhbHVlQ2hhbmdlZFw+</text>
      </register>
      <register name="0" type="4">
        <text>BD.isServer</text>
      </register>
      <register name="1" type="2">
        <text encoding="base64">LyoqCg==</text>
      </register>
      <register name="2" type="2">
        <text encoding="base64">ICAgICAgICAtLSAK</text>
      </register>
      <register name="3" type="2">
        <text encoding="base64">ICAgIGNlcmVJdGVtOlNldFJlZERvdCgpCg==</text>
      </register>
      <register name="4" type="2">
        <text encoding="base64">ICAgIGVuZAo=</text>
      </register>
      <register name="5" type="2">
        <text encoding="base64">Cg==</text>
      </register>
      <register name="6" type="2">
        <text encoding="base64">ICAgIGlmIG5vdCBjZXJlSXRlbTpDYW5Hb3RvU3RvcmUoKSB0aGVuCg==</text>
      </register>
      <register name="7" type="2">
        <text encoding="base64">Cg==</text>
      </register>
      <register name="8" type="2">
        <text encoding="base64">ICAgICAgICAtLSBsaXN0ID0gc2VsZjpHZXRDYXJkV2lzaFBhY2tMaXN0KCkK</text>
      </register>
      <register name="9" type="2">
        <text encoding="base64">Cg==</text>
      </register>
      <register name=":" type="4">
        <text>w</text>
      </register>
    </registers>
  </component>
  <component name="VimSearchSettings">
    <search>
      <last-search encoding="base64">XDxPblZhbHVlQ2hhbmdlZFw+</last-search>
      <last-offset />
      <last-pattern encoding="base64">XDxPblZhbHVlQ2hhbmdlZFw+</last-pattern>
      <last-dir>1</last-dir>
      <show-last>false</show-last>
    </search>
  </component>
  <component name="VimSettings">
    <state version="6" enabled="true" />
    <notifications>
      <idea-join enabled="false" />
      <idea-put enabled="false" />
    </notifications>
  </component>
</application>